Season,Net,Show Name,Rtg
2007,NBC,1 VS 100,2.1
2007,NBC,30 ROCK,3.2
2007,NBC,AMERICAN GLADIATORS,3.5
2007,NBC,AMNESIA,1.5
2007,NBC,APPRENTICE 7,4.0
2007,NBC,BIGGEST LOSER 4,3.4
2007,NBC,BIGGEST LOSER 5,3.7
2007,NBC,BIONIC WOMAN,4.0
2007,NBC,CHUCK,3.5
2007,NBC,DATELINE-FRI,2.0
2007,NBC,DATELINE-SUN,1.5
2007,NBC,DEAL OR NO DEAL-FRI,2.2
2007,NBC,DEAL OR NO DEAL-MON,3.5
2007,NBC,DEAL OR NO DEAL-WED,2.7
2007,NBC,ER,3.9
2007,NBC,FRIDAY NIGHT LIGHTS,2.2
2007,NBC,HEROES,6.2
2007,NBC,JOURNEYMAN,2.8
2007,NBC,LAS VEGAS,2.6
2007,NBC,LAW & ORDER,3.6
2007,NBC,LAW & ORDER:CRIM INT,2.2
2007,NBC,LAW & ORDER:SVU,5.0
2007,NBC,LIFE,3.0
2007,NBC,LIPSTICK JUNGLE,2.9
2007,NBC,MEDIUM-NBC,3.6
2007,NBC,MONK-NBC,1.2
2007,NBC,MOST OUTRAG MOMTS- TUE 8P,1.3
2007,NBC,MY DAD IS BETR THN YR DAD,2.0
2007,NBC,MY NAME IS EARL,3.5
2007,NBC,OFFICE,5.3
2007,NBC,PHENOMENON,2.4
2007,NBC,PSYCH-NBC,1.1
2007,NBC,SCRUBS,3.5
2007,NBC,SINGING BEE,2.1
2007,CBS,48 HOURS,1.7
2007,CBS,48 HOURS MYSTERY-TUE,2.1
2007,CBS,60 MINUTES,2.6
2007,CBS,AMAZING RACE: 12,3.9
2007,CBS,BIG BANG THEORY,3.6
2007,CBS,BIG BROTHER-SUN,2.5
2007,CBS,BIG BROTHER-TUE,2.5
2007,CBS,BIG BROTHER-WED,2.3
2007,CBS,CANE,2.4
2007,CBS,CBS SAT MOVIE,1.3
2007,CBS,COLD CASE,3.1
2007,CBS,CRIMINAL MINDS,4.2
2007,CBS,CSI,6.7
2007,CBS,CSI MIAMI,5.0
2007,CBS,CSI NY,4.0
2007,CBS,DEXTER,2.1
2007,CBS,GHOST WHISPERER,2.8
2007,CBS,HOW I MET YOUR MOTHER,3.8
2007,CBS,JERICHO,2.4
2007,CBS,KID NATION,2.5
2007,CBS,MOONLIGHT,2.5
2007,CBS,NCIS,3.7
2007,CBS,NUMB3RS,2.9
2007,CBS,OLD CHRISTINE,3.8
2007,CBS,POWER OF 10,1.4
2007,CBS,PRICE IS RIGHT-PRIME,2.0
2007,CBS,RULES OF ENGAGEMENT,4.3
2007,CBS,SECRET TALENTS OF STRS,1.5
2007,CBS,SHARK,2.6
2007,CBS,SURVIVOR:CHINA-FL07,5.1
2007,CBS,SURVIVOR:MICRONESIA-SG08,4.6
2007,CBS,TWO AND A HALF MEN,5.4
2007,CBS,UNIT,3.4
2007,CBS,VIVA LAUGHLIN,1.2
2007,CBS,WELCOME TO THE CAPTAIN,2.2
2007,CBS,WITHOUT A TRACE,4.2
2007,ABC,20/20-FRI,1.9
2007,ABC,20/20-FRI OTHER,1.7
2007,ABC,ABC SAT MOVIE,1.6
2007,ABC,ACCORDING TO JIM-830P,1.6
2007,ABC,ACCORDING TO JIM-8P,1.3
2007,ABC,ACCORDING TO JIM-TU 9P,1.8
2007,ABC,AMER FUNN HOME VID-FRI,1.7
2007,ABC,AMER FUNN HOME VIDEOS,2.5
2007,ABC,BACHELOR,3.3
2007,ABC,BACHELORETTE,3.1
2007,ABC,BIG SHOTS,3.2
2007,ABC,BOSTON LEGAL,2.7
2007,ABC,BROTHERS & SISTERS,4.7
2007,ABC,CARPOOLERS,2.0
2007,ABC,CASHMERE MAFIA,2.4
2007,ABC,CAVEMEN,2.5
2007,ABC,DANCE WARS,2.7
2007,ABC,DANCING WITH THE STARS,5.2
2007,ABC,DANCING WITH THE STARS RSLTS,4.7
2007,ABC,DESPERATE HOUSEWIVES,7.3
2007,ABC,DIRTY SEXY MONEY,3.3
2007,ABC,DUEL,1.1
2007,ABC,ELI STONE,2.8
2007,ABC,EXTREME MAKEOVER:HOME ED,4.7
2007,ABC,EXTREME MAKOVR-HM 7P,2.9
2007,ABC,GREY'S ANATOMY,8.5
2007,ABC,HERE COMES THE NEWLYWEDS,3.3
2007,ABC,JUST FOR LAUGHS,1.5
2007,ABC,JUST FOR LAUGHS-8P,1.4
2007,ABC,LOST,6.4
2007,ABC,MEN IN TREES,1.8
2007,ABC,NOTES FROM UNDERBELLY,2.0
2007,ABC,OCTOBER ROAD,2.2
2007,ABC,OPRAH'S BIG GIVE,3.9
2007,ABC,PRIVATE PRACTICE,4.8
2007,ABC,PUSHING DAISIES,3.6
2007,ABC,SAMANTHA WHO,4.0
2007,ABC,SUPERNANNY,2.8
2007,ABC,UGLY BETTY,3.5
2007,ABC,WHAT WOULD U DO,2.8
2007,ABC,WIFE SWAP,2.4
2007,ABC,WOMEN'S MURDER CLUB,2.3
2007,ABC,WONDERFUL WRLD-DSNY,2.0
2007,FOX,AMERICAN DAD,3.4
2007,FOX,AMERICAN IDOL-TUE,11.3
2007,FOX,AMERICAN IDOL-WED,10.8
2007,FOX,AMERICAS MOST WANTED,2.2
2007,FOX,BACK TO YOU,2.7
2007,FOX,BONES,3.7
2007,FOX,BONES-MON,3.5
2007,FOX,CANTERBURY'S LAW,1.5
2007,FOX,COPS 2,2.4
2007,FOX,COPS-SAT 8P,2.0
2007,FOX,DON'T FORGET LYRICS-FRI,2.0
2007,FOX,DON'T FORGET THE LYRICS,2.9
2007,FOX,FAMILY GUY,5.0
2007,FOX,FOX MOVIE-FRIDAY,1.1
2007,FOX,HELL'S KITCHEN,5.6
2007,FOX,HOUSE,8.6
2007,FOX,HOUSE-MON 9P,6.7
2007,FOX,K-VILLE,2.0
2007,FOX,KING OF HILL-7P,1.8
2007,FOX,KING OF THE HILL,3.2
2007,FOX,KITCHEN NIGHTMARES,3.1
2007,FOX,MOMENT OF TRUTH,6.2
2007,FOX,NEW AMSTERDAM,2.9
2007,FOX,NEXT GREAT AMERICAN BAND,1.2
2007,FOX,PRISON BREAK,3.5
2007,FOX,RETURN JEZEBEL JAMES,1.2
2007,FOX,SIMPSONS,4.2
2007,FOX,SMARTER THAN 5TH GRDR,1.5
2007,FOX,SMARTER THAN 5TH GRDR-THU,2.6
2007,FOX,TERMINATOR: SARAH CNR CHRON,4.5
2007,FOX,TIL DEATH-WED,2.5
2007,FOX,UNHITCHED,2.3
2008,NBC,30 ROCK,4.0
2008,NBC,AMERICA'S GOT TALENT-WED,3.2
2008,NBC,AMERICAS TOUGHEST JOBS,1.2
2008,NBC,APPRENTICE 8,3.5
2008,NBC,BIGGEST LOSER 6,3.5
2008,NBC,BIGGEST LOSER 7,4.2
2008,NBC,CHOPPING BLOCK,1.3
2008,NBC,CHUCK,2.9
2008,NBC,CRUSOE,1.0
2008,NBC,DATELINE-FRI,1.5
2008,NBC,DATELINE-SUN,1.3
2008,NBC,DEAL OR NO DEAL-FRI,1.3
2008,NBC,DEAL OR NO DEAL-MON,1.2
2008,NBC,DEAL OR NO DEAL-WED,2.0
2008,NBC,ER,4.1
2008,NBC,FRIDAY NIGHT LIGHTS,1.6
2008,NBC,HEROES,4.6
2008,NBC,HOWIE DO IT,1.4
2008,NBC,HOWIE DO IT-FRI 830P,1.4
2008,NBC,KATH & KIM,2.4
2008,NBC,KINGS,1.4
2008,NBC,KNIGHT RIDER,2.1
2008,NBC,LAW & ORDER,2.7
2008,NBC,LAW & ORDER:CRIM INT,1.2
2008,NBC,LAW & ORDER:SVU,4.1
2008,NBC,LIFE,2.1
2008,NBC,LIPSTICK JUNGLE,2.0
2008,NBC,MEDIUM-NBC,2.9
2008,NBC,MOMMA'S BOYS,2.0
2008,NBC,MY NAME IS EARL,2.8
2008,NBC,MY OWN WORST ENEMY,2.4
2008,NBC,OFFICE,5.3
2008,NBC,PARKS & RECREATION,2.8
2008,NBC,SOUTHLAND,2.8
2008,NBC,SUPERSTARS OF DANCE,2.3
2008,CBS,48 HOURS,1.6
2008,CBS,60 MINUTES,2.8
2008,CBS,AMAZING RACE: 13,3.5
2008,CBS,AMAZING RACE: 14,3.4
2008,CBS,BIG BANG THEORY,4.2
2008,CBS,COLD CASE,2.9
2008,CBS,CRIMETIME SAT-9P,1.5
2008,CBS,CRIMINAL MINDS,4.3
2008,CBS,CSI,5.6
2008,CBS,CSI MIAMI,4.6
2008,CBS,CSI NY,3.8
2008,CBS,ELEVENTH HOUR,3.3
2008,CBS,EX LIST,2.0
2008,CBS,FLASHPOINT,2.2
2008,CBS,GAME SHOW IN MY HEAD,1.4
2008,CBS,GAME SHOW IN/HEAD-830P,1.4
2008,CBS,GARY UNMARRIED,2.5
2008,CBS,GHOST WHISPERER,2.9
2008,CBS,HARPER'S ISLAND,2.7
2008,CBS,HOW I MET YOUR MOTHER,4.5
2008,CBS,MENTALIST,4.3
2008,CBS,MILLION DOLLAR PASSWORD,1.9
2008,CBS,NCIS,4.1
2008,CBS,NUMB3RS,2.6
2008,CBS,OLD CHRISTINE,2.3
2008,CBS,RULES OF ENGAGEMENT,4.2
2008,CBS,SURVIVOR:GABON-FL08,4.6
2008,CBS,SURVIVOR:TOCANTINS-SG09,4.3
2008,CBS,TWO AND A HALF MEN,5.6
2008,CBS,UNIT,2.8
2008,CBS,WITHOUT A TRACE,3.1
2008,CBS,WORST WEEK,3.3
2008,ABC,20/20-FRI,2.0
2008,ABC,ABC SAT MOVIE,1.1
2008,ABC,ACCORDING TO JIM-830P,1.2
2008,ABC,ACCORDING TO JIM-8P,1.1
2008,ABC,ACCORDING TO JIM-FRI 9:30P,1.7
2008,ABC,ACCORDING TO JIM-TU 9P,1.9
2008,ABC,AMER FUNN HOME VIDEOS,2.2
2008,ABC,BACHELOR,4.2
2008,ABC,BACHELORETTE,3.3
2008,ABC,BETTER OFF TED,2.1
2008,ABC,BOSTON LEGAL,2.5
2008,ABC,BROTHERS & SISTERS,4.0
2008,ABC,CASTLE,2.8
2008,ABC,CUPID-TU 10P,1.9
2008,ABC,DANCING WITH THE STARS,4.9
2008,ABC,DANCING WITH THE STARS RSLTS,4.0
2008,ABC,DESPERATE HOUSEWIVES,6.0
2008,ABC,DIRTY SEXY MONEY,2.3
2008,ABC,ELI STONE,2.0
2008,ABC,EXTREME MAKEOVER:HOME ED,3.5
2008,ABC,EXTREME MAKOVR-HM 7P,2.2
2008,ABC,GREY'S ANATOMY,7.0
2008,ABC,HOMELAND SECURITY USA,1.8
2008,ABC,IN THE MOTHERHOOD,1.8
2008,ABC,LIFE ON MARS,2.6
2008,ABC,LOST,5.4
2008,ABC,LOST-WED 8P,2.8
2008,ABC,OPPORTUNITY KNOCKS,1.7
2008,ABC,PRIVATE PRACTICE,4.0
2008,ABC,PUSHING DAISIES,2.2
2008,ABC,SAMANTHA WHO,2.7
2008,ABC,SCRUBS-TU 930P (ABC),2.8
2008,ABC,SCRUBS-TU 9P (ABC),2.7
2008,ABC,SCRUBS-WED 8P (ABC),2.5
2008,ABC,SUPERNANNY,1.8
2008,ABC,SURVIVING SUBURBIA-ABC,2.7
2008,ABC,TRUE BEAUTY,3.2
2008,ABC,UGLY BETTY,2.8
2008,ABC,UNUSUALS,2.0
2008,ABC,WHAT WOULD U DO,2.4
2008,ABC,WIFE SWAP,1.6
2008,FOX,24 ',4.3
2008,FOX,AMERICAN DAD,3.1
2008,FOX,AMERICAN IDOL-TUE,9.8
2008,FOX,AMERICAN IDOL-WED,9.8
2008,FOX,AMERICAS MOST WANTED,1.9
2008,FOX,BONES,3.5
2008,FOX,COPS 2,1.8
2008,FOX,COPS-SAT 8P,1.8
2008,FOX,DO NOT DISTURB,1.4
2008,FOX,DOLLHOUSE,2.0
2008,FOX,DON'T FORGET THE LYRICS,1.5
2008,FOX,FAMILY GUY,4.5
2008,FOX,FRINGE,4.9
2008,FOX,HELL'S KITCHEN,4.1
2008,FOX,HOLE IN THE WALL-SUN 730P,1.3
2008,FOX,HOLE IN THE WALL-SUN7P,1.2
2008,FOX,HOUSE,6.2
2008,FOX,KING OF HILL 730P,1.6
2008,FOX,KING OF THE HILL,3.0
2008,FOX,KITCHEN NIGHTMARES,2.3
2008,FOX,KITCHEN NIGHTMARES- TH 8P,2.3
2008,FOX,LIE TO ME,3.8
2008,FOX,PRISON BREAK,2.2
2008,FOX,SIMPSONS,3.7
2008,FOX,SIT DOWN SHUT UP-PR,1.5
2008,FOX,SMARTER THAN 5TH GRDR,1.3
2008,FOX,TERMINATOR: SARAH CNR CHRON,2.1
2008,FOX,TIL DEATH-WED,1.7
2008,FOX,TIL DEATH-WED 930P,1.6
2009,NBC,30 ROCK,3.6
2009,NBC,APPRENTICE 9,3.2
2009,NBC,BIGGEST LOSER 8,4.2
2009,NBC,BIGGEST LOSER 9,3.8
2009,NBC,CHUCK,2.6
2009,NBC,COMMUNITY,2.7
2009,NBC,DATELINE-FRI,1.6
2009,NBC,DATELINE-SUN,1.0
2009,NBC,DATELINE:CRACKED,1.3
2009,NBC,FRIDAY NIGHT LIGHTS,1.5
2009,NBC,HEROES,3.0
2009,NBC,JAY LENO SHOW-FRI,1.4
2009,NBC,JAY LENO SHOW-MON,1.4
2009,NBC,JAY LENO SHOW-THU,1.6
2009,NBC,JAY LENO SHOW-TUE,2.0
2009,NBC,JAY LENO SHOW-WED,1.6
2009,NBC,LAW & ORDER,2.0
2009,NBC,LAW & ORDER:SVU,3.3
2009,NBC,LAW & ORDER:SVU-WED 9P,3.2
2009,NBC,MARRIAGE REF,2.9
2009,NBC,MERCY,1.9
2009,NBC,MINUTE TO WIN IT,1.9
2009,NBC,MINUTE TO WIN IT-WED 8P,2.3
2009,NBC,OFFICE,5.1
2009,NBC,PARENTHOOD,3.4
2009,NBC,PARKS & RECREATION,2.5
2009,NBC,SNL WKND UPDATE-PR,2.0
2009,NBC,TRAUMA,1.9
2009,NBC,WHO DO YOU THINK YOU ARE,1.7
2009,CBS,48 HOURS,1.5
2009,CBS,60 MINUTES,2.5
2009,CBS,60 MINUTES PRESENTS,1.0
2009,CBS,ACCIDENTALLY ON PURPOSE,3.1
2009,CBS,AMAZING RACE: 15,3.7
2009,CBS,AMAZING RACE: 16,3.5
2009,CBS,BIG BANG THEORY,6.3
2009,CBS,COLD CASE,2.4
2009,CBS,CRIMINAL MINDS,4.4
2009,CBS,CSI,4.2
2009,CBS,CSI MIAMI,4.2
2009,CBS,CSI NY,3.6
2009,CBS,GARY UNMARRIED,2.4
2009,CBS,GHOST WHISPERER,2.3
2009,CBS,GOOD WIFE,3.2
2009,CBS,HOW I MET YOUR MOTHER,4.2
2009,CBS,MEDIUM,2.3
2009,CBS,MENTALIST,4.3
2009,CBS,MIAMI MEDICAL,1.5
2009,CBS,NCIS,4.8
2009,CBS,NCIS: LA,4.1
2009,CBS,NUMB3RS,2.2
2009,CBS,OLD CHRISTINE,2.2
2009,CBS,RULES OF ENGAGEMENT,3.4
2009,CBS,SURVIVOR:HERO/VILL-SG10,4.5
2009,CBS,SURVIVOR:SAMOA-FL09,4.3
2009,CBS,THREE RIVERS,1.9
2009,CBS,TWO AND A HALF MEN,5.6
2009,CBS,UNDERCOVER BOSS,6.7
2009,ABC,20/20-FRI,1.8
2009,ABC,ABC SAT MOVIE,1.2
2009,ABC,AMER FUNN HOME VIDEOS,2.1
2009,ABC,BACHELOR,4.4
2009,ABC,BACHELORETTE,3.3
2009,ABC,BETTER OFF TED,1.4
2009,ABC,BETTER OFF TED-TU 830P,1.2
2009,ABC,BROTHERS & SISTERS,3.4
2009,ABC,CASTLE,3.2
2009,ABC,COUGAR TOWN,3.6
2009,ABC,DANCING WITH THE STARS,4.5
2009,ABC,DANCING WITH THE STARS RSLTS,3.3
2009,ABC,DEEP END,1.7
2009,ABC,DESPERATE HOUSEWIVES,5.0
2009,ABC,EASTWICK,2.0
2009,ABC,EXTREME MAKEOVER:HOME ED,2.9
2009,ABC,EXTREME MAKOVR-HM 7P,2.1
2009,ABC,FIND MY FAMILY,1.8
2009,ABC,FLASH FORWARD,3.0
2009,ABC,FORGOTTEN,2.1
2009,ABC,GREY'S ANATOMY,6.3
2009,ABC,HANK,1.7
2009,ABC,HAPPY TOWN,1.7
2009,ABC,J OLIVERS FOOD REVOLUTION,2.0
2009,ABC,LOST,5.4
2009,ABC,LOST-TU 8P,4.7
2009,ABC,MIDDLE,2.6
2009,ABC,MODERN FAMILY,4.7
2009,ABC,PRIVATE PRACTICE,4.3
2009,ABC,ROMANTICALLY CHALLENGED,2.6
2009,ABC,SCRUBS-TU 8P,1.6
2009,ABC,SCRUBS-TU 9P (ABC),1.9
2009,ABC,SHARK TANK,1.7
2009,ABC,SUPERNANNY,1.4
2009,ABC,UGLY BETTY,1.8
2009,ABC,V,3.5
2009,ABC,WHAT WOULD U DO,1.9
2009,ABC,WIFE SWAP,1.3
2009,FOX,24 ',3.6
2009,FOX,AMERICAN DAD,3.2
2009,FOX,AMERICAN IDOL-TUE,9.2
2009,FOX,AMERICAN IDOL-WED,8.4
2009,FOX,AMERICAS MOST WANTED,1.7
2009,FOX,BONES,3.6
2009,FOX,BROTHERS-PRIME,0.9
2009,FOX,BROTHERS-SUN 7P,0.9
2009,FOX,CLEVELAND SHOW,3.4
2009,FOX,COPS 2,2.1
2009,FOX,COPS-SAT 8P,1.7
2009,FOX,DOLLHOUSE,1.2
2009,FOX,FAMILY GUY,4.5
2009,FOX,FRINGE,3.2
2009,FOX,GLEE,5.0
2009,FOX,GOOD GUYS,1.7
2009,FOX,HELL'S KITCHEN,4.0
2009,FOX,HOUSE,6.1
2009,FOX,HUMAN TARGET,2.9
2009,FOX,KITCHEN NIGHTMARES,1.9
2009,FOX,LIE TO ME,3.3
2009,FOX,PAST LIFE,1.4
2009,FOX,SIMPSONS,3.7
2009,FOX,SO YOU THINK CN DANCE 6-TUE,2.8
2009,FOX,SO YOU THINK CN DANCE 6-WED,2.8
2009,FOX,SONS OF TUCSON,2.1
2009,FOX,TIL DEATH,0.9
2009,FOX,TIL DEATH-SUN 730P,1.1
2009,FOX,TIL DEATH-SUN 7P,0.9
2010,NBC,30 ROCK,3.0
2010,NBC,AMERICA NXT GR RESTAURANT,1.5
2010,NBC,APPRENTICE 10,1.7
2010,NBC,APPRENTICE 11,3.3
2010,NBC,BIGGEST LOSER 10,3.1
2010,NBC,BIGGEST LOSER 11,3.2
2010,NBC,CAPE,2.1
2010,NBC,CHASE,1.9
2010,NBC,CHASE-SAT,0.9
2010,NBC,CHUCK,2.2
2010,NBC,COMMUNITY,2.4
2010,NBC,DATELINE-FRI,1.5
2010,NBC,DATELINE-SUN,1.0
2010,NBC,EVENT,2.4
2010,NBC,FRIDAY NIGHT LIGHTS,1.1
2010,NBC,HARRY'S LAW,2.3
2010,NBC,LAW & ORDER: LA,2.2
2010,NBC,LAW & ORDER:SVU,3.4
2010,NBC,MINUTE TO WIN IT-TUE,2.2
2010,NBC,MINUTE TO WIN IT-WED 8P,1.3
2010,NBC,OFFICE,5.0
2010,NBC,OUTLAW,1.3
2010,NBC,OUTLAW-SAT,0.7
2010,NBC,OUTSOURCED,2.7
2010,NBC,PARENTHOOD,2.9
2010,NBC,PARKS & RECREATION,3.0
2010,NBC,PAUL REISER SHOW,1.2
2010,NBC,PERFECT COUPLES,1.7
2010,NBC,SCHOOL PRIDE,0.7
2010,NBC,UNDERCOVERS,1.6
2010,NBC,VOICE,5.8
2010,NBC,WHO DO YOU THINK YOU ARE,1.5
2010,CBS,$#*! MY DAD SAYS,3.4
2010,CBS,48 HOURS,1.4
2010,CBS,60 MINUTES,2.4
2010,CBS,AMAZING RACE: 17,3.8
2010,CBS,AMAZING RACE: 18,3.0
2010,CBS,BIG BANG THEORY,5.1
2010,CBS,BLUE BLOODS,2.4
2010,CBS,CHAOS,1.2
2010,CBS,CRIMINAL MINDS,4.5
2010,CBS,CRIMINAL MINDS: SUSPECT,3.0
2010,CBS,CSI,3.9
2010,CBS,CSI MIAMI,2.9
2010,CBS,CSI NY,2.3
2010,CBS,DEFENDERS,2.3
2010,CBS,FLASHPOINT,1.4
2010,CBS,GOOD WIFE,2.9
2010,CBS,HAWAII FIVE-0,4.0
2010,CBS,HOW I MET YOUR MOTHER,4.2
2010,CBS,LIVE TO DANCE,1.3
2010,CBS,MAD LOVE,2.6
2010,CBS,MEDIUM,1.8
2010,CBS,MENTALIST,3.9
2010,CBS,MIKE & MOLLY,4.0
2010,CBS,NCIS,4.9
2010,CBS,NCIS: LA,4.2
2010,CBS,RULES OF ENGAGEMENT,3.4
2010,CBS,SURVIVOR:NICARAGUA-FL10,4.3
2010,CBS,SURVIVOR:REDEMPTN ISLD-SG11,3.8
2010,CBS,TWO AND A HALF MEN,5.4
2010,CBS,UNDERCOVER BOSS,3.5
2010,ABC,20/20-FRI,1.6
2010,ABC,ABC SAT MOVIE,0.9
2010,ABC,AMER FUNN HOME VIDEOS,1.8
2010,ABC,BACHELOR,3.6
2010,ABC,BACHELORETTE,3.3
2010,ABC,BETTER WITH YOU,2.3
2010,ABC,BODY OF PROOF,2.9
2010,ABC,BROTHERS & SISTERS,2.9
2010,ABC,CASTLE,3.5
2010,ABC,COUGAR TOWN,3.3
2010,ABC,DANCING W/STARS-TUE 8P,2.3
2010,ABC,DANCING WITH THE STARS,4.8
2010,ABC,DANCING WITH THE STARS RSLTS,4.0
2010,ABC,DESPERATE HOUSEWIVES,4.4
2010,ABC,DETROIT 187,1.9
2010,ABC,EXTREME MAKEOVER:HOME ED,2.4
2010,ABC,GREY'S ANATOMY,5.5
2010,ABC,HAPPY ENDINGS,2.3
2010,ABC,HAPPY ENDINGS-WED 1030P,1.9
2010,ABC,J OLIVERS FOOD REVOLUTION,1.4
2010,ABC,MIDDLE,2.9
2010,ABC,MODERN FAMILY,6.2
2010,ABC,MR. SUNSHINE,2.8
2010,ABC,MY GENERATION,1.6
2010,ABC,NO ORDINARY FAMILY,2.3
2010,ABC,OFF THE MAP,2.2
2010,ABC,PRIVATE PRACTICE,3.6
2010,ABC,SECRET MILLIONAIRE,2.9
2010,ABC,SHARK TANK,1.5
2010,ABC,SKATING WITH THE STARS,1.3
2010,ABC,SUPERNANNY,1.2
2010,ABC,V,2.5
2010,ABC,WHAT WOULD U DO,1.5
2010,ABC,"WHOLE TRUTH, THE",1.5
2010,ABC,WIPEOUT-THU 8P,2.6
2010,FOX,AMERICAN DAD,2.5
2010,FOX,AMERICAN IDOL-THU,7.7
2010,FOX,AMERICAN IDOL-WED,8.9
2010,FOX,AMERICAS MOST WANTED,1.7
2010,FOX,BOB'S BURGERS,2.6
2010,FOX,BONES,3.9
2010,FOX,BREAKING IN,2.9
2010,FOX,CHICAGO CODE,2.4
2010,FOX,CLEVELAND SHOW,3.0
2010,FOX,COPS-SAT 8P,1.6
2010,FOX,FAMILY GUY,4.4
2010,FOX,FRINGE,2.5
2010,FOX,GLEE,5.6
2010,FOX,GOOD GUYS,1.0
2010,FOX,HELL'S KITCHEN,3.5
2010,FOX,HELL'S KITCHEN-WED 8P,3.3
2010,FOX,HOUSE,4.8
2010,FOX,HUMAN TARGET,2.3
2010,FOX,KITCHEN NIGHTMARES,2.0
2010,FOX,LIE TO ME,2.5
2010,FOX,LONE STAR,1.5
2010,FOX,MILLION DOLLAR DROP,1.9
2010,FOX,RAISING HOPE,3.0
2010,FOX,RUNNING WILDE-FOX,1.8
2010,FOX,SIMPSONS,3.6
2010,FOX,TRAFFIC LIGHT,1.5
2011,NBC,30 ROCK,2.2
2011,NBC,AMERICA'S GOT TALENT-MON,4.2
2011,NBC,AMERICA'S GOT TALENT-TUE,4.1
2011,NBC,AMERICAN NINJA WARRIOR,2.6
2011,NBC,APPRENTICE 12,2.5
2011,NBC,ARE YOU THERE CHELSEA,1.9
2011,NBC,AWAKE,1.7
2011,NBC,BENT-9:30P,1.0
2011,NBC,BENT-9P,1.1
2011,NBC,BEST FRIENDS FOREVER,1.1
2011,NBC,BIGGEST LOSER 12,2.5
2011,NBC,BIGGEST LOSER 13,2.6
2011,NBC,CHUCK,1.3
2011,NBC,COMMUNITY,2.2
2011,NBC,DATELINE-FRI,1.5
2011,NBC,DATELINE-SUN,1.2
2011,NBC,ESCAPE ROUTES,0.3
2011,NBC,FASHION STAR,1.8
2011,NBC,FEAR FACTOR,3.1
2011,NBC,FIRM,1.0
2011,NBC,FREE AGENTS,1.3
2011,NBC,GRIMM,2.6
2011,NBC,HARRY'S LAW,1.5
2011,NBC,LAW & ORDER:SVU,2.8
2011,NBC,OFF THEIR ROCKERS-TUE 830P,1.7
2011,NBC,OFF THEIR ROCKERS-TUE 8P,1.8
2011,NBC,OFFICE,4.1
2011,NBC,PARENTHOOD,2.8
2011,NBC,PARKS & RECREATION,2.6
2011,NBC,PLAYBOY CLUB,1.8
2011,NBC,PRIME SUSPECT,1.8
2011,NBC,ROCK CENTER W/B.WILLIAMS,1.0
2011,NBC,SING OFF,1.8
2011,NBC,SMASH,3.3
2011,NBC,UP ALL NIGHT,2.7
2011,NBC,VOICE,6.2
2011,NBC,VOICE-TUE,4.3
2011,NBC,WHITNEY,2.6
2011,NBC,WHO DO YOU THINK YOU ARE,1.2
2011,NBC,WHO'S STILL STANDING,1.7
2011,CBS,2 BROKE GIRLS,5.2
2011,CBS,48 HOURS,1.3
2011,CBS,60 MINUTES,2.4
2011,CBS,A GIFTED MAN,1.5
2011,CBS,AMAZING RACE: 19,3.3
2011,CBS,AMAZING RACE: 20,3.0
2011,CBS,BIG BANG THEORY,6.5
2011,CBS,BLUE BLOODS,2.4
2011,CBS,COMEDYTIME-SAT 2,0.8
2011,CBS,CRIMINAL MINDS,4.7
2011,CBS,CSI,3.8
2011,CBS,CSI MIAMI,2.7
2011,CBS,CSI NY,2.2
2011,CBS,GOOD WIFE,2.5
2011,CBS,HAWAII FIVE-0,4.0
2011,CBS,HOW I MET YOUR MOTHER,5.0
2011,CBS,HOW TO BE A GENTLEMAN,2.8
2011,CBS,MENTALIST,3.7
2011,CBS,MIKE & MOLLY,4.5
2011,CBS,NCIS,4.9
2011,CBS,NCIS: LA,4.1
2011,CBS,NYC 22,1.6
2011,CBS,PERSON OF INTEREST,3.9
2011,CBS,ROB,3.7
2011,CBS,RULES OF ENGAGEMENT,3.6
2011,CBS,SURVIVOR:ONE WORLD-SG12,3.5
2011,CBS,SURVIVOR:SOUTH PACIFIC-FL11,4.0
2011,CBS,TWO AND A HALF MEN,6.3
2011,CBS,UNDERCOVER BOSS,2.4
2011,CBS,UNFORGETTABLE,2.9
2011,ABC,20/20-FRI,1.6
2011,ABC,20/20-FRIDY ,1.1
2011,ABC,ABC SAT MOVIE,1.2
2011,ABC,AMER FUNN HOME VIDEOS,1.6
2011,ABC,BACHELOR,2.9
2011,ABC,BACHELORETTE,3.1
2011,ABC,BODY OF PROOF,2.4
2011,ABC,CASTLE,3.2
2011,ABC,CELEBRITY WIFE SWAP,2.4
2011,ABC,CHARLIES ANGELS,1.6
2011,ABC,COUGAR TOWN,2.0
2011,ABC,DANCING WITH THE STARS,3.5
2011,ABC,DANCING WITH THE STARS RSLTS,3.1
2011,ABC,DESPERATE HOUSEWIVES,3.7
2011,ABC,DON'T APT 23,2.9
2011,ABC,EXTREME MAKEOVER:HOME 9P,1.6
2011,ABC,EXTREME MAKEOVER:HOME ED,1.5
2011,ABC,GCB,2.6
2011,ABC,GREY'S ANATOMY,5.1
2011,ABC,HAPPY ENDINGS,3.3
2011,ABC,LAST MAN STANDING,3.0
2011,ABC,LAST MAN STANDING-TU 830P,3.1
2011,ABC,MAN UP,2.1
2011,ABC,MIDDLE,3.2
2011,ABC,MISSING,1.9
2011,ABC,MODERN FAMILY,7.4
2011,ABC,MY EXTREME AFFLICTION,1.1
2011,ABC,ONCE UPON A TIME,4.4
2011,ABC,PAN AM,2.4
2011,ABC,PRIVATE PRACTICE,3.3
2011,ABC,REVENGE,3.6
2011,ABC,RIVER,2.4
2011,ABC,SCANDAL,2.6
2011,ABC,SHARK TANK,1.9
2011,ABC,SUBURGATORY,3.1
2011,ABC,WHAT WOULD U DO,1.5
2011,ABC,WIPEOUT-THU 8P,2.1
2011,ABC,WORK IT,1.9
2011,ABC,YOU DESERVE IT,1.2
2011,FOX,ALCATRAZ,3.4
2011,FOX,ALLEN GREGORY,2.2
2011,FOX,AMERICAN DAD,2.8
2011,FOX,AMERICAN IDOL-THU,5.6
2011,FOX,AMERICAN IDOL-WED,6.3
2011,FOX,BOB'S BURGERS,2.1
2011,FOX,BONES,3.4
2011,FOX,BREAKING IN,1.6
2011,FOX,CLEVELAND SHOW-SUN 730P,2.0
2011,FOX,CLEVELAND SHOW-SUN 830P,2.6
2011,FOX,COPS 2,1.6
2011,FOX,COPS-SAT 8P,1.3
2011,FOX,FAMILY GUY,4.0
2011,FOX,FINDER,2.3
2011,FOX,FRINGE,1.9
2011,FOX,GLEE,4.3
2011,FOX,HELL'S KITCHEN-MON,3.3
2011,FOX,HELL'S KITCHEN-MON (VARIOUS),3.4
2011,FOX,HOUSE,3.7
2011,FOX,I HATE MY TEENAGE DAUGHTER,2.1
2011,FOX,KITCHEN NIGHTMARES,1.9
2011,FOX,MOBBED,2.2
2011,FOX,NAPOLEON DYNAMITE,2.8
2011,FOX,NEW GIRL,4.7
2011,FOX,Q'VIVA,0.6
2011,FOX,RAISING HOPE,2.9
2011,FOX,SIMPSONS,3.4
2011,FOX,TERRA NOVA,3.6
2011,FOX,TOUCH,2.9
2011,FOX,X-FACTOR-THU,4.2
2011,FOX,X-FACTOR-WED,4.4
2012,NBC,1600 PENN,1.5
2012,NBC,30 ROCK,2.1
2012,NBC,AMERICAN NINJA WAR-SA(WNTR),0.6
2012,NBC,ANIMAL PRACTICE,1.5
2012,NBC,APPRENTICE 13,1.9
2012,NBC,BIGGEST LOSER 14,2.8
2012,NBC,CHICAGO FIRE,2.8
2012,NBC,COMMUNITY,1.8
2012,NBC,DATELINE-FRI,1.5
2012,NBC,DATELINE-SUN,1.4
2012,NBC,DATELINE-WED,1.4
2012,NBC,DECEPTION,1.8
2012,NBC,DO NO HARM,1.0
2012,NBC,FASHION STAR,0.8
2012,NBC,GO ON,2.3
2012,NBC,GRIMM,2.8
2012,NBC,GUYS WITH KIDS,1.7
2012,NBC,HANNIBAL,2.3
2012,NBC,LAW & ORDER:SVU,2.5
2012,NBC,NEW NORMAL,2.0
2012,NBC,OFF THEIR ROCKERS-TUE 830P,1.5
2012,NBC,OFF THEIR ROCKERS-TUE 8P,1.5
2012,NBC,OFFICE,3.3
2012,NBC,PARENTHOOD,2.8
2012,NBC,PARKS & RECREATION,2.4
2012,NBC,READY FOR LOVE,1.5
2012,NBC,REVOLUTION,4.2
2012,NBC,ROCK CENTER W/B.WILLIAMS,1.0
2012,NBC,SMASH,1.4
2012,NBC,UP ALL NIGHT,1.9
2012,NBC,VOICE,5.2
2012,NBC,VOICE-TUE,4.7
2012,NBC,WHITNEY,1.7
2012,NBC,WHITNEY-830P,1.4
2012,CBS,2 BROKE GIRLS,4.3
2012,CBS,48 HOURS,1.1
2012,CBS,60 MINUTES,2.2
2012,CBS,AMAZING RACE: 21,3.1
2012,CBS,AMAZING RACE: 22,2.8
2012,CBS,BIG BANG THEORY,7.2
2012,CBS,BLUE BLOODS,2.0
2012,CBS,CRIMETIME SAT-8P,0.6
2012,CBS,CRIMETIME SAT-9P,0.4
2012,CBS,CRIMINAL MINDS,4.1
2012,CBS,CSI,3.3
2012,CBS,CSI NY,1.9
2012,CBS,ELEMENTARY,3.5
2012,CBS,GOLDEN BOY,1.8
2012,CBS,GOOD WIFE,2.2
2012,CBS,HAWAII FIVE-0,3.0
2012,CBS,HOW I MET YOUR MOTHER,4.3
2012,CBS,"JOB, THE",0.8
2012,CBS,MADE IN JERSEY,1.1
2012,CBS,MENTALIST,2.6
2012,CBS,MIKE & MOLLY,3.7
2012,CBS,NCIS,4.4
2012,CBS,NCIS: LA,3.6
2012,CBS,PARTNERS,2.3
2012,CBS,PERSON OF INTEREST,3.9
2012,CBS,RULES OF ENGAGEMENT,2.8
2012,CBS,SURVIVOR:CARAMOAN-SG13,3.2
2012,CBS,SURVIVOR:PHILIPPINES-FL12,3.5
2012,CBS,TWO AND A HALF MEN,4.7
2012,CBS,UNDERCOVER BOSS,1.9
2012,CBS,VEGAS,2.0
2012,ABC,20/20-FRI,1.6
2012,ABC,20/20-SAT,0.8
2012,ABC,666 PARK AVE,2.4
2012,ABC,ABC SAT MOVIE,0.9
2012,ABC,AMER FUNN HOME VIDEOS,1.5
2012,ABC,BACHELOR,3.3
2012,ABC,BET ON YOUR BABY,0.6
2012,ABC,BODY OF PROOF,2.1
2012,ABC,CASTLE,3.1
2012,ABC,CELEBRITY WIFE SWAP,2.1
2012,ABC,DANCING WITH THE STARS,2.6
2012,ABC,DANCING WITH THE STARS RSLTS,2.4
2012,ABC,DON'T APT 23,1.6
2012,ABC,EXTREME MAKEOVER:HOME ED,1.2
2012,ABC,FAMILY TOOLS,1.5
2012,ABC,GREY'S ANATOMY,4.8
2012,ABC,HAPPY ENDINGS,1.9
2012,ABC,HAPPY ENDINGS-FR 830P,1.2
2012,ABC,HAPPY ENDINGS-FR 8P,1.3
2012,ABC,HOW TO LIVE WITH PARENTS,2.6
2012,ABC,LAST MAN STANDING,2.0
2012,ABC,LAST RESORT,2.0
2012,ABC,MALIBU COUNTRY,1.8
2012,ABC,MIDDLE,2.9
2012,ABC,MODERN FAMILY,6.4
2012,ABC,NASHVILLE,2.9
2012,ABC,NEIGHBORS,2.1
2012,ABC,ONCE UPON A TIME,3.9
2012,ABC,PRIVATE PRACTICE,2.4
2012,ABC,RED WIDOW,1.6
2012,ABC,REVENGE,3.2
2012,ABC,SCANDAL,3.5
2012,ABC,SHARK TANK,2.3
2012,ABC,SHARK TANK-FRI 8P,1.5
2012,ABC,SPLASH,1.6
2012,ABC,SUBURGATORY,2.7
2012,ABC,TASTE,1.8
2012,ABC,WHAT WOULD U DO,1.6
2012,ABC,WIFE SWAP,1.5
2012,ABC,WIPEOUT,1.3
2012,ABC,ZERO HOUR,1.5
2012,FOX,AMERICAN DAD,2.6
2012,FOX,AMERICAN IDOL-THU,4.4
2012,FOX,AMERICAN IDOL-WED,4.6
2012,FOX,BEN & KATE,1.6
2012,FOX,BOB'S BURGERS,2.3
2012,FOX,BONES,3.0
2012,FOX,CLEVELAND SHOW-SUN 730P,1.6
2012,FOX,CLEVELAND SHOW-SUN 830P,2.1
2012,FOX,COPS 2,1.2
2012,FOX,COPS-SAT 8P,1.0
2012,FOX,FAMILY GUY,3.7
2012,FOX,FOLLOWING,4.3
2012,FOX,FRINGE,1.6
2012,FOX,GLEE,3.4
2012,FOX,GOODWIN GAMES,0.7
2012,FOX,HELL'S KITCHEN,2.7
2012,FOX,KITCHEN NIGHTMARES,1.5
2012,FOX,MASTERCHEF-WED 8P (ALT),2.7
2012,FOX,MASTERCHEF-WED 9P,2.9
2012,FOX,MINDY PROJECT,2.2
2012,FOX,MOB DOCTOR,1.3
2012,FOX,NEW GIRL,3.7
2012,FOX,RAISING HOPE,2.1
2012,FOX,SIMPSONS,3.0
2012,FOX,SO YOU THINK CN DANCE 10,2.6
2012,FOX,TOUCH,1.0
2012,FOX,X-FACTOR-THU,3.3
2012,FOX,X-FACTOR-WED,3.5
2013,NBC,ABOUT A BOY,2.4
2013,NBC,AMERICAN DREAM BUILDERS,0.7
2013,NBC,BELIEVE,1.9
2013,NBC,BIGGEST LOSER 15,2.3
2013,NBC,BLACKLIST,4.9
2013,NBC,CHICAGO FIRE,3.1
2013,NBC,CHICAGO PD,2.7
2013,NBC,COMMUNITY,1.5
2013,NBC,CRISIS,1.8
2013,NBC,DATELINE MYSTERY,0.9
2013,NBC,DATELINE-FRI,1.4
2013,NBC,DATELINE-SUN,1.1
2013,NBC,DRACULA,1.8
2013,NBC,GRIMM,2.6
2013,NBC,GROWING UP FISHER,2.0
2013,NBC,HANNIBAL,1.4
2013,NBC,HOLLYWOOD GAME NIGHT,1.2
2013,NBC,HOLLYWOOD GAME NT-MON,1.6
2013,NBC,IRONSIDE,1.4
2013,NBC,LAW & ORDER:SVU,2.8
2013,NBC,MICHAEL J FOX SHOW,1.7
2013,NBC,PARENTHOOD,2.3
2013,NBC,PARKS & RECREATION,1.7
2013,NBC,REVOLUTION,2.3
2013,NBC,SEAN SAVES THE WORLD,1.3
2013,NBC,VOICE,4.6
2013,NBC,VOICE-TUE,4.2
2013,NBC,WELCOME TO THE FAMILY,1.1
2013,CBS,2 BROKE GIRLS,3.5
2013,CBS,48 HOURS,1.0
2013,CBS,48 HOURS PRESENTS,0.4
2013,CBS,60 MINUTES,2.0
2013,CBS,AMAZING RACE,2.3
2013,CBS,BAD TEACHER,1.8
2013,CBS,BIG BANG THEORY,7.5
2013,CBS,BLUE BLOODS,2.1
2013,CBS,CRAZY ONES,2.9
2013,CBS,CRIMINAL MINDS,3.9
2013,CBS,CSI,3.0
2013,CBS,ELEMENTARY,3.1
2013,CBS,FRIENDS WITH BETTER LIVES,2.3
2013,CBS,GOOD WIFE,2.0
2013,CBS,HAWAII FIVE-0,2.3
2013,CBS,HOSTAGES,2.0
2013,CBS,HOW I MET YOUR MOTHER,4.7
2013,CBS,INTELLIGENCE,2.2
2013,CBS,MENTALIST,2.2
2013,CBS,MIKE & MOLLY,2.9
2013,CBS,MILLERS,3.1
2013,CBS,MOM,2.8
2013,CBS,NCIS,3.9
2013,CBS,NCIS: LA,3.3
2013,CBS,PERSON OF INTEREST,3.0
2013,CBS,SURVIVOR,3.2
2013,CBS,TWO AND A HALF MEN,3.1
2013,CBS,UNDERCOVER BOSS,1.8
2013,CBS,UNFORGETTABLE,1.4
2013,CBS,WE ARE MEN,2.2
2013,ABC,20/20-FRI,1.6
2013,ABC,20/20-FRIDY ,1.1
2013,ABC,20/20-SAT,0.7
2013,ABC,AMER FUNN HOME VIDEOS,1.4
2013,ABC,"ASSETS, THE",0.9
2013,ABC,BACHELOR,3.1
2013,ABC,BACHELORETTE,2.6
2013,ABC,BACK IN THE GAME,2.0
2013,ABC,BETRAYAL,1.3
2013,ABC,BLACK BOX,1.7
2013,ABC,CASTLE,3.1
2013,ABC,CELEBRITY WIFE SWAP,1.1
2013,ABC,DANCING WITH THE STARS,2.5
2013,ABC,GOLDBERGS,2.6
2013,ABC,GREY'S ANATOMY,4.5
2013,ABC,KILLER WOMEN,1.0
2013,ABC,LAST MAN STANDING,1.9
2013,ABC,LUCKY 7,1.3
2013,ABC,MARVEL AGENT OF S.H.I.E.L.D.,3.9
2013,ABC,MIDDLE,2.6
2013,ABC,MIND GAMES,1.0
2013,ABC,MIXOLOGY,1.7
2013,ABC,MODERN FAMILY,5.5
2013,ABC,MOTIVE,1.2
2013,ABC,NASHVILLE,2.6
2013,ABC,NEIGHBORS,1.2
2013,ABC,NIGHTLINE PRIME,0.6
2013,ABC,ONCE UPON A TIME,3.4
2013,ABC,ONCE UPON A TIME IN WONDERLAND,1.4
2013,ABC,RESURRECTION,3.7
2013,ABC,REVENGE,2.5
2013,ABC,SCANDAL,4.6
2013,ABC,SHARK TANK,2.6
2013,ABC,SUBURGATORY,1.9
2013,ABC,SUPER FUN NIGHT,2.3
2013,ABC,TASTE,1.2
2013,ABC,TROPHY WIFE,1.6
2013,ABC,WHAT WOULD U DO,1.0
2013,FOX,24:LIVE ANOTHER DAY ,3.3
2013,FOX,ALMOST HUMAN,2.9
2013,FOX,AMERICAN DAD,2.5
2013,FOX,AMERICAN DAD-SUN 7/730P,1.6
2013,FOX,AMERICAN IDOL-THU,3.2
2013,FOX,AMERICAN IDOL-WED,3.4
2013,FOX,BOB'S BURGERS,2.4
2013,FOX,BOB'S BURGERS-7P,1.3
2013,FOX,BONES,2.6
2013,FOX,BONES-FRI 8P,2.5
2013,FOX,BROOKLYN NINE-NINE,2.3
2013,FOX,COSMOS,2.2
2013,FOX,DADS,1.7
2013,FOX,ENLISTED,1.2
2013,FOX,FAMILY GUY,3.3
2013,FOX,FOLLOWING,3.0
2013,FOX,GLEE,2.0
2013,FOX,HELL'S KITCHEN,2.3
2013,FOX,I WANNA MARRY HARRY,0.9
2013,FOX,KITCHEN NIGHTMARES,1.4
2013,FOX,KITCHEN NIGHTMARES-8P,1.4
2013,FOX,MASTERCHEF JUNIOR,2.1
2013,FOX,MINDY PROJECT,1.9
2013,FOX,NEW GIRL,2.8
2013,FOX,RAISING HOPE,1.1
2013,FOX,RAISING HOPE-FRI 930P,1.1
2013,FOX,RAKE,1.2
2013,FOX,RIOT,0.7
2013,FOX,SIMPSONS,2.6
2013,FOX,SLEEPY HOLLOW,4.2
2013,FOX,SURVIVING JACK,1.5
2013,FOX,X-FACTOR-THU,1.9
2013,FOX,X-FACTOR-WED,2.2
2014,NBC,A-TO-Z,1.0
2014,NBC,A.D. BIBLE CONTINUES,1.6
2014,NBC,ABOUT A BOY,1.4
2014,NBC,ALLEGIANCE,1.3
2014,NBC,AMERICAN ODYSSEY,0.8
2014,NBC,APPRENTICE 14,2.4
2014,NBC,BAD JUDGE,1.3
2014,NBC,BIGGEST LOSER 16,1.6
2014,NBC,BLACKLIST,4.1
2014,NBC,CHICAGO FIRE,2.9
2014,NBC,CHICAGO PD,2.7
2014,NBC,CONSTANTINE,1.6
2014,NBC,DATELINE MYSTERY,1.0
2014,NBC,DATELINE-FRI,1.5
2014,NBC,DATELINE-SUN,1.1
2014,NBC,DATELINE-THU,1.2
2014,NBC,GRIMM,2.1
2014,NBC,LAW & ORDER:SVU,2.7
2014,NBC,MARRY ME,1.5
2014,NBC,MYSTERIES OF LAURA,1.6
2014,NBC,NIGHT SHIFT,1.8
2014,NBC,ONE BIG HAPPY,1.5
2014,NBC,PARENTHOOD,2.3
2014,NBC,PARKS & RECREATION,2.0
2014,NBC,PARKS & RECREATION-830P,1.8
2014,NBC,SLAP,1.1
2014,NBC,SNL PRIME-SAT,1.8
2014,NBC,STATE OF AFFAIRS,1.9
2014,NBC,UNDATEABLE-9P,1.7
2014,NBC,VOICE,4.0
2014,NBC,VOICE-TUE,3.9
2014,CBS,2 BROKE GIRLS,2.8
2014,CBS,48 HOURS,1.0
2014,CBS,60 MINUTES,1.9
2014,CBS,60 MINUTES PRESENTS,0.8
2014,CBS,AMAZING RACE,1.8
2014,CBS,BATTLE CREEK,1.2
2014,CBS,BIG BANG THEORY,6.5
2014,CBS,BIG BANG THEORY-9/930P,8.0
2014,CBS,BIG BROTHER-WED,3.2
2014,CBS,BLUE BLOODS,2.1
2014,CBS,CRIMINAL MINDS,3.6
2014,CBS,CSI,2.1
2014,CBS,CSI: CYBER,2.2
2014,CBS,ELEMENTARY,2.4
2014,CBS,GOOD WIFE,1.8
2014,CBS,HAWAII FIVE-0,2.0
2014,CBS,MADAM SECRETARY,1.9
2014,CBS,MCCARTHYS,1.9
2014,CBS,MENTALIST,1.9
2014,CBS,MIKE & MOLLY,2.6
2014,CBS,MILLERS,2.0
2014,CBS,MOM,2.9
2014,CBS,NCIS,3.5
2014,CBS,NCIS: LA,2.5
2014,CBS,NCIS: NEW ORLEANS,2.9
2014,CBS,ODD COUPLE ,2.8
2014,CBS,PERSON OF INTEREST,2.4
2014,CBS,SCORPION,3.6
2014,CBS,STALKER,2.4
2014,CBS,SURVIVOR,3.1
2014,CBS,TWO AND A HALF MEN,3.1
2014,CBS,UNDER THE DOME,2.9
2014,CBS,UNDERCOVER BOSS,1.6
2014,ABC,20/20-FRI,1.8
2014,ABC,20/20-SAT,0.8
2014,ABC,AMER FUNN HOME VIDEOS,1.4
2014,ABC,AMERICAN CRIME,1.7
2014,ABC,BACHELOR,3.0
2014,ABC,BACHELORETTE,2.7
2014,ABC,BLACK-ISH,3.3
2014,ABC,CASTLE,2.6
2014,ABC,CELEBRITY WIFE SWAP,1.2
2014,ABC,CRISTELA,1.3
2014,ABC,DANCING WITH THE STARS,2.5
2014,ABC,DANCING WITH THE STARS RSLTS,1.9
2014,ABC,FOREVER,2.0
2014,ABC,FRESH OFF THE BOAT,2.4
2014,ABC,GALAVANT,1.9
2014,ABC,GOLDBERGS,3.1
2014,ABC,GREY'S ANATOMY,3.9
2014,ABC,HOW TO GET AWAY WITH MURDER,5.0
2014,ABC,IN AN INSTANT,0.7
2014,ABC,LAST MAN STANDING,1.9
2014,ABC,MANHATTAN LOVE STORY,1.2
2014,ABC,MARVEL AGENT OF S.H.I.E.L.D.,2.8
2014,ABC,MARVEL'S AGENT CARTER,2.4
2014,ABC,MIDDLE,2.7
2014,ABC,MODERN FAMILY,5.3
2014,ABC,NASHVILLE,2.3
2014,ABC,ONCE UPON A TIME,3.3
2014,ABC,REPEAT AFTER ME,1.4
2014,ABC,RESURRECTION,2.0
2014,ABC,REVENGE,2.0
2014,ABC,SCANDAL,4.5
2014,ABC,SECRETS AND LIES,2.4
2014,ABC,SELFIE,1.5
2014,ABC,SHARK TANK,2.5
2014,ABC,TASTE,1.0
2014,FOX,AMERICAN IDOL-THU,2.9
2014,FOX,AMERICAN IDOL-WED,2.6
2014,FOX,BACKSTROM,1.6
2014,FOX,BOB'S BURGERS,1.6
2014,FOX,BONES,2.0
2014,FOX,BROOKLYN NINE-NINE,2.5
2014,FOX,EMPIRE ,7.1
2014,FOX,FAMILY GUY,3.2
2014,FOX,FOLLOWING,2.0
2014,FOX,FOX MOVIE-FRIDAY,0.7
2014,FOX,GLEE,1.2
2014,FOX,GOTHAM,3.7
2014,FOX,GRACEPOINT,1.4
2014,FOX,HELL'S KITCHEN,1.9
2014,FOX,LAST MAN ON EARTH,2.8
2014,FOX,MASTERCHEF,1.9
2014,FOX,MASTERCHEF JUNIOR,2.2
2014,FOX,MINDY PROJECT,1.6
2014,FOX,MULANEY,0.8
2014,FOX,NEW GIRL,2.3
2014,FOX,RED BAND SOCIETY,1.7
2014,FOX,SIMPSONS,2.6
2014,FOX,SLEEPY HOLLOW,2.6
2014,FOX,UTOPIA,1.2
2014,FOX,UTOPIA-FRI,1.0
2014,FOX,WAYWARD PINES,2.1
2014,FOX,WEIRD LONERS,0.8
2014,FOX,WORLD'S FUNNIEST,1.0
2015,NBC,BEST TIME EVER WITH NPH,1.7
2015,NBC,BIGGEST LOSER,1.5
2015,NBC,BLACKLIST,2.8
2015,NBC,BLINDSPOT,3.3
2015,NBC,CARMICHAEL SHOW-9P,1.1
2015,NBC,CAUGHT ON CAMERA,0.7
2015,NBC,CHICAGO FIRE,2.8
2015,NBC,CHICAGO MED,2.5
2015,NBC,CHICAGO PD,2.6
2015,NBC,CROWDED,1.0
2015,NBC,DATELINE MYSTERY,0.9
2015,NBC,DATELINE-FRI,1.3
2015,NBC,DATELINE-SUN,1.3
2015,NBC,DATELINE: ON ASSIGNMENT,0.6
2015,NBC,GAME OF SILENCE,1.0
2015,NBC,GRIMM,1.7
2015,NBC,HEARTBEAT,1.0
2015,NBC,HEROES REBORN ,2.2
2015,NBC,HOLLYWOOD GAME NIGHT,1.1
2015,NBC,LAW & ORDER:SVU,2.7
2015,NBC,LITTLE BIG SHOTS,2.4
2015,NBC,MYSTERIES OF LAURA,1.5
2015,NBC,PLAYER,1.4
2015,NBC,SHADES OF BLUE,2.3
2015,NBC,STRONG,0.8
2015,NBC,SUPERSTORE,2.1
2015,NBC,TELENOVELA,1.3
2015,NBC,TRUTH BE TOLD,0.8
2015,NBC,UNDATEABLE,1.0
2015,NBC,VOICE,3.5
2015,NBC,VOICE-TUE,3.3
2015,NBC,"YOU, ME & THE APOCALYPSE",0.9
2015,CBS,2 BROKE GIRLS,2.3
2015,CBS,48 HOURS,1.0
2015,CBS,48 HOURS PRESENTS,0.7
2015,CBS,60 MINUTES,1.8
2015,CBS,60 MINUTES PRESENTS,1.1
2015,CBS,AMAZING RACE,1.7
2015,CBS,ANGEL FROM HELL,1.9
2015,CBS,BIG BANG THEORY,5.8
2015,CBS,BIG BROTHER-WED,2.7
2015,CBS,BLUE BLOODS,2.0
2015,CBS,CODE BLACK,2.0
2015,CBS,CRIMINAL MINDS,3.0
2015,CBS,CRIMINAL MINDS:BEYOND BDR,1.9
2015,CBS,CSI: CYBER,1.5
2015,CBS,ELEMENTARY,1.8
2015,CBS,GOOD WIFE,1.6
2015,CBS,HAWAII FIVE-0,1.8
2015,CBS,LIFE IN PIECES,2.7
2015,CBS,LIMITLESS,2.4
2015,CBS,MADAM SECRETARY,1.6
2015,CBS,MIKE & MOLLY,2.1
2015,CBS,MOM,2.3
2015,CBS,NCIS,3.1
2015,CBS,NCIS: LA,2.1
2015,CBS,NCIS: NEW ORLEANS,2.5
2015,CBS,ODD COUPLE ,1.9
2015,CBS,ODD COUPLE-MON,1.5
2015,CBS,PERSON OF INTEREST,1.6
2015,CBS,PERSON OF INTEREST -MONDAY,1.4
2015,CBS,RUSH HOUR ,1.1
2015,CBS,SCORPION,2.8
2015,CBS,SUPERGIRL-CBS,2.5
2015,CBS,SURVIVOR,2.8
2015,CBS,UNDERCOVER BOSS,1.4
2015,ABC,20/20-FRI,1.4
2015,ABC,20/20-SAT,0.7
2015,ABC,AMER FUNN HOME VIDEOS,1.1
2015,ABC,AMERICAN CRIME,1.6
2015,ABC,BACHELOR,3.0
2015,ABC,BACHELOR LIVE,1.2
2015,ABC,BACHELORETTE,2.9
2015,ABC,BEYOND THE TANK,0.9
2015,ABC,BEYOND THE TANK -FRI,0.9
2015,ABC,BLACK-ISH,2.8
2015,ABC,BLOOD & OIL,1.5
2015,ABC,CASTLE,2.0
2015,ABC,CATCH,1.7
2015,ABC,DANCING WITH THE STARS,2.2
2015,ABC,DR. KEN ,1.5
2015,ABC,FAMILY,1.4
2015,ABC,FRESH OFF THE BOAT,1.9
2015,ABC,GALAVANT,0.9
2015,ABC,GOLDBERGS,3.0
2015,ABC,GREAT AMERICAN BAKING SHW,1.3
2015,ABC,GREY'S ANATOMY,3.8
2015,ABC,HOW TO GET AWAY WITH MURDER,3.5
2015,ABC,LAST MAN STANDING,1.8
2015,ABC,MARVEL AGENT OF S.H.I.E.L.D.,2.2
2015,ABC,MARVEL'S AGENT CARTER,1.4
2015,ABC,MIDDLE,2.6
2015,ABC,MODERN FAMILY,4.4
2015,ABC,MUPPETS,1.9
2015,ABC,MY DIET BETTER THAN YOURS,0.8
2015,ABC,NASHVILLE,1.8
2015,ABC,OF KINGS AND PROPHETS,1.1
2015,ABC,ONCE UPON A TIME,2.3
2015,ABC,QUANTICO,2.6
2015,ABC,REAL O'NEALS,1.5
2015,ABC,SCANDAL,3.5
2015,ABC,SHARK TANK,2.1
2015,ABC,WHAT WOULD U DO,0.8
2015,ABC,WICKED CITY,1.1
2015,FOX,AMERICAN GRIT,0.9
2015,FOX,AMERICAN IDOL-THU,2.8
2015,FOX,AMERICAN IDOL-WED,3.0
2015,FOX,BOB'S BURGERS,1.5
2015,FOX,BONES,1.7
2015,FOX,BORDERTOWN,0.8
2015,FOX,BROOKLYN NINE-NINE,1.9
2015,FOX,COOPER BARRETT'S GUIDE,1.0
2015,FOX,COUPLED,0.6
2015,FOX,EMPIRE ,6.6
2015,FOX,FAMILY GUY,2.2
2015,FOX,GOTHAM,2.4
2015,FOX,GRANDFATHERED,1.3
2015,FOX,GRINDER,1.2
2015,FOX,HELL'S KITCHEN,1.7
2015,FOX,HOTEL HELL,1.0
2015,FOX,HOUDINI & DOYLE,0.8
2015,FOX,LAST MAN ON EARTH,1.9
2015,FOX,LUCIFER,2.6
2015,FOX,MASTERCHEF JUNIOR,1.8
2015,FOX,MINORITY REPORT,1.2
2015,FOX,NEW GIRL,1.9
2015,FOX,ROSEWOOD,1.8
2015,FOX,SCREAM QUEENS,2.0
2015,FOX,SECOND CHANCE,1.0
2015,FOX,SIMPSONS,2.1
2015,FOX,SLEEPY HOLLOW,1.4
2015,FOX,WAYWARD PINES,1.8
2015,FOX,WORLD'S FUNNIEST,0.7
2015,FOX,X-FILES,4.8
2016,NBC,APPRENTICE,1.3
2016,NBC,BLACKLIST,2.1
2016,NBC,BLACKLIST:REDEMPTION,1.2
2016,NBC,BLINDSPOT,1.7
2016,NBC,CAUGHT ON CAMERA,0.7
2016,NBC,CHICAGO FIRE,2.5
2016,NBC,CHICAGO JUSTICE,1.6
2016,NBC,CHICAGO MED,2.1
2016,NBC,CHICAGO PD,2.4
2016,NBC,DATELINE MYSTERY,0.8
2016,NBC,DATELINE-FRI,1.2
2016,NBC,DATELINE-SUN,1.0
2016,NBC,EMERALD CITY,1.3
2016,NBC,FIRST DATES,0.9
2016,NBC,GOOD PLACE,1.9
2016,NBC,GREAT NEWS,1.0
2016,NBC,GREAT NEWS-2,0.8
2016,NBC,GRIMM,1.4
2016,NBC,LAW & ORDER:SVU,2.4
2016,NBC,LITTLE BIG SHOTS,1.8
2016,NBC,POWERLESS,1.0
2016,NBC,SHADES OF BLUE,1.4
2016,NBC,SUPERSTORE,1.7
2016,NBC,TAKEN,1.3
2016,NBC,THIS IS US,4.8
2016,NBC,TIMELESS,2.1
2016,NBC,TRIAL & ERROR,1.3
2016,NBC,TRIAL & ERROR-2,1.1
2016,NBC,VOICE,3.0
2016,NBC,VOICE-TUE,2.9
2016,NBC,WALL,1.6
2016,CBS,2 BROKE GIRLS,1.8
2016,CBS,48 HOURS,0.8
2016,CBS,48 HOURS: NCIS,0.7
2016,CBS,60 MINUTES,1.7
2016,CBS,60 MINUTES PRESENTS,1.0
2016,CBS,AMAZING RACE,1.5
2016,CBS,BIG BANG THEORY,4.9
2016,CBS,BIG BROTHER-WED,2.6
2016,CBS,BLUE BLOODS,1.8
2016,CBS,BULL,2.2
2016,CBS,CODE BLACK,1.7
2016,CBS,CRIMINAL MINDS,2.4
2016,CBS,CRIMINAL MINDS:BEYOND BDR,1.3
2016,CBS,DOUBT,0.9
2016,CBS,ELEMENTARY,1.2
2016,CBS,GREAT INDOORS,1.8
2016,CBS,HAWAII FIVE-0,1.8
2016,CBS,HUNTED,2.0
2016,CBS,KEVIN CAN WAIT,2.2
2016,CBS,LIFE IN PIECES,1.9
2016,CBS,MACGYVER,1.6
2016,CBS,MADAM SECRETARY,1.3
2016,CBS,MAN WITH A PLAN,1.5
2016,CBS,MOM,1.9
2016,CBS,NCIS,2.5
2016,CBS,NCIS: LA,1.8
2016,CBS,NCIS: NEW ORLEANS,1.9
2016,CBS,ODD COUPLE ,1.3
2016,CBS,PURE GENIUS,1.4
2016,CBS,RANSOM,0.6
2016,CBS,SCORPION,2.0
2016,CBS,SUPERIOR DONUTS,1.4
2016,CBS,SURVIVOR,2.5
2016,CBS,TRAINING DAY,0.7
2016,CBS,UNDERCOVER BOSS,1.1
2016,ABC,20/20-FRI,1.1
2016,ABC,AMER FUNN HOME VIDEOS,1.0
2016,ABC,AMERICAN CRIME,0.7
2016,ABC,AMERICAN HOUSEWIFE,2.1
2016,ABC,BACHELOR,3.1
2016,ABC,BACHELORETTE,2.5
2016,ABC,BLACK-ISH,2.4
2016,ABC,CATCH,1.1
2016,ABC,CONVICTION,1.2
2016,ABC,DANCING WITH THE STARS,2.1
2016,ABC,DESIGNATED SURVIVOR,2.9
2016,ABC,DOWNWARD DOG,1.3
2016,ABC,DR. KEN ,1.2
2016,ABC,FRESH OFF THE BOAT,1.7
2016,ABC,GOLDBERGS,2.5
2016,ABC,GREAT AMERICAN BAKING SHW,1.2
2016,ABC,GREY'S ANATOMY,3.5
2016,ABC,HOW TO GET AWAY WITH MURDER,2.6
2016,ABC,IMAGINARY MARY,1.1
2016,ABC,LAST MAN STANDING,1.7
2016,ABC,MARVEL AGENT OF S.H.I.E.L.D.,1.6
2016,ABC,MATCH GAME-PRIME,1.1
2016,ABC,MIDDLE,2.1
2016,ABC,MODERN FAMILY,3.7
2016,ABC,NOTORIOUS,1.4
2016,ABC,ONCE UPON A TIME,1.5
2016,ABC,PEOPLE ICONS,0.6
2016,ABC,QUANTICO,1.4
2016,ABC,REAL O'NEALS,1.3
2016,ABC,SCANDAL,2.6
2016,ABC,SECRETS AND LIES,1.4
2016,ABC,SHARK TANK,1.7
2016,ABC,SPEECHLESS,2.1
2016,ABC,TIME AFTER TIME,0.8
2016,ABC,TO TELL THE TRUTH,1.0
2016,ABC,TO TELL THE TRUTH- 8P,1.1
2016,ABC,TOY BOX,0.7
2016,FOX,24: LEGACY,1.6
2016,FOX,APB,1.3
2016,FOX,BOB'S BURGERS,1.3
2016,FOX,BONES,1.4
2016,FOX,BROOKLYN NINE-NINE,1.4
2016,FOX,EMPIRE ,4.2
2016,FOX,EXORCIST,1.2
2016,FOX,FAMILY GUY,2.0
2016,FOX,GOTHAM,1.8
2016,FOX,HELL'S KITCHEN,1.6
2016,FOX,KICKING & SCREAMING,0.7
2016,FOX,LAST MAN ON EARTH,1.4
2016,FOX,LETHAL WEAPON,2.4
2016,FOX,LUCIFER,1.8
2016,FOX,MAKING HISTORY,0.8
2016,FOX,MASTERCHEF JUNIOR,1.4
2016,FOX,MICK,1.8
2016,FOX,MY KITCHEN RULES,0.9
2016,FOX,NEW GIRL,1.6
2016,FOX,PITCH,1.4
2016,FOX,PRISON BREAK,1.7
2016,FOX,ROSEWOOD,1.0
2016,FOX,SCREAM QUEENS,1.0
2016,FOX,SHOTS FIRED ,1.2
2016,FOX,SIMPSONS,2.1
2016,FOX,SLEEPY HOLLOW,0.9
2016,FOX,SON OF ZORN,1.4
2016,FOX,STAR,2.0
2016,FOX,YOU THE JURY,0.4
